12552,4,6,1987,4,"RM","F",16,9
26704,7,30,1997,8,"PP","M",20,14
4434,5,4,1981,9,"DM","F",36,44
24153,6,14,1996,4,"DM","M",38,46
5,7,16,1977,3,"DM","M",35,
3,7,16,1977,2,"DM","F",37,
1,7,16,1977,2,"NL","M",32,
33881,4,17,2002,9,"PP","M",23,
17180,2,25,1990,13,"RM","M",16,10
8,7,16,1977,1,"DM","M",37,
2,7,16,1977,3,"NL","M",33,
11,7,16,1977,5,"DS","F",53,
9,7,16,1977,1,"DM","F",34,
6510,8,16,1982,14,"OL","M",20,40
943,6,8,1978,8,"SS",,,
10,7,16,1977,6,"PF","F",20,
27374,12,29,1997,15,"NL","F",33,139
10673,8,19,1985,17,"NL","F",32,165
33871,4,17,2002,4,"DM","M",36,52
8585,11,12,1983,16,"PM","M",21,21
22737,9,24,1995,14,"PF","F",17,7
17170,2,25,1990,3,"SH","M",30,80
6036,6,28,1982,2,"NL","F",33,120
3487,11,9,1980,14,"OT","M",20,22
31791,3,3,2001,1,"PB","F",24,25
20657,2,19,1993,17,"DM","F",32,40
3956,3,9,1981,1,"OT","M",,25
18108,12,15,1990,12,"DM","F",36,41
26693,7,30,1997,6,"DO","M",37,52
1407,11,4,1978,12,"DM","M",36,32
9992,2,17,1985,1,"DM","F",35,36
16028,5,10,1989,10,"RM","M",16,8
24613,10,13,1996,8,"DO","M",37,50
13479,9,27,1987,7,"PE","F",21,15
7912,5,15,1983,8,"DO","M",36,45
10930,10,13,1985,11,"DM","F",37,42
2814,3,22,1980,2,"DM","F",,44
11399,4,13,1986,1,"DS","M",53,157
34136,5,16,2002,8,"PP","F",22,18
8850,2,4,1984,14,"DO","F",36,48
17435,4,26,1990,6,"OL","F",20,10
6301,7,27,1982,22,"DS","M",,134
734,4,8,1978,6,"DM","M",36,
32056,5,26,2001,22,"DM","F",36,
15355,1,10,1989,19,"PM","F",21,28
29507,4,18,1999,4,"DM","M",36,48
4221,4,6,1981,2,"DS","M",,95
1672,3,31,1979,4,"DM","F",34,23
10257,4,21,1985,8,"OL","F",19,35
18842,7,12,1991,17,"DO","M",36,48
27427,1,31,1998,17,"DM","F",35,45
24878,12,19,1996,4,"DM","F",36,42
8177,8,15,1983,14,"DM","F",32,44
22329,6,8,1995,14,"DM","F",37,52
22798,9,24,1995,6,"OL","F",18,28
11664,7,3,1986,19,"OT","M",18,14
20249,8,29,1992,17,"PF","F",14,8
28834,11,21,1998,18,"PB","M",26,43
17700,7,22,1990,2,"DO","F",38,54
999,6,9,1978,18,"DM","F",34,40
34870,10,6,2002,3,"PB","F",26,36
32321,7,22,2001,8,"DO","M",35,
7035,11,21,1982,23,"",,,
26754,7,30,1997,11,"DM","M",36,53
15620,2,5,1989,4,"DM","M",37,40
29772,6,13,1999,3,"PB","F",26,21
13071,7,25,1987,20,"DM","M",,49
21656,6,15,1994,9,"",,,
30241,1,10,2000,11,"DM","M",35,43
27692,3,29,1998,17,"OT","M",20,28
2406,1,16,1980,2,"NL","F",33,184
25143,2,9,1997,11,"DM","M",35,45
19576,1,8,1992,2,"OT","M",19,22
8442,10,15,1983,13,"CB",,,
5893,5,21,1982,13,"PE","M",19,22
34197,6,15,2002,2,"PP","M",23,22
23063,12,3,1995,15,"PF","M",15,9
6362,8,15,1982,17,"DM","F",35,35
20514,10,19,1992,11,"DM","M",36,45
29099,1,17,1999,4,"DM","M",36,50
3813,1,31,1981,24,"PE","F",19,25
12398,3,2,1987,1,"DM","M",35,42
1264,9,4,1978,15,"PP","F",20,15
35135,11,10,2002,9,"OL","M",21,21
18434,2,17,1991,5,"RM","M",16,10
27019,10,25,1997,1,"DO","F",34,45
15885,4,1,1989,9,"DM","F",36,44
13336,8,26,1987,11,"NL","F",32,162
30506,3,5,2000,3,"OT","M",20,29
5220,1,24,1982,20,"AB",,,
13805,11,22,1987,1,"DS","M",53,128
11256,3,8,1986,22,"DM","M",38,45
19841,3,8,1992,14,"DM","F",35,43
8707,12,8,1983,22,"DS","M",50,130
3140,7,21,1980,22,"DS","F",50,108
25877,5,11,1997,3,"RM","F",17,18
34462,7,13,2002,19,"PB","F",27,20
23328,1,28,1996,9,"DM","M",38,56
17761,8,16,1990,1,"DO","F",36,53
31913,3,25,2001,8,"PP","M",22,20
6627,9,19,1982,21,"PF","F",16,6
4078,4,5,1981,22,"DS","F",50,140
12663,4,25,1987,14,"DM","M",36,52
21248,11,14,1993,15,"PF","F",16,7
18699,5,14,1991,11,"PP","M",20,16
27284,11,22,1997,7,"RM","M",20,14
1998,8,23,1979,9,"OT","F",20,30
16150,6,3,1989,19,"PE","M",20,21
10583,7,24,1985,8,"DO","M",35,34
24735,11,17,1996,4,"PF","F",15,8
25204,3,15,1997,17,"DM","M",37,47
14070,2,21,1988,1,"OL","M",20,34
11521,5,11,1986,3,"OT","M",21,21
31240,8,25,2000,18,"PB","M",26,34
20106,7,3,1992,17,"PP","M",21,14
3405,11,8,1980,13,"OT","M",20,22
34727,9,10,2002,8,"PP","M",21,19
9441,8,1,1984,9,"OT","M",19,23
18026,11,11,1990,8,"DM","F",36,35
32178,6,25,2001,12,"PP","F",22,15
6892,10,24,1982,20,"PF","M",17,6
1325,10,7,1978,9,"DS","F",50,129
4343,4,6,1981,6,"DO","F",,52
24062,6,13,1996,23,"RM","M",17,11
32647,9,22,2001,17,"DM","M",36,49
30098,12,5,1999,21,"PB","M",26,39
4812,9,29,1981,24,"DM","F",38,44
27549,3,1,1998,21,"RM","F",,
2263,11,18,1979,23,"PE","F",18,18
10848,10,12,1985,17,"DM","F",38,44
8299,9,10,1983,12,"DO","F",35,51
25469,4,12,1997,12,"PP","F",22,18
8768,12,9,1983,11,"NL","M",32,162
22920,10,29,1995,3,"PP","F",20,17
31505,11,25,2000,1,"OT","F",20,27
14804,8,10,1988,2,"NL","M",31,132
3670,12,16,1980,8,"DS","M",50,
20840,5,22,1993,1,"DO","M",37,50
34992,11,9,2002,17,"OT","F",19,30
29425,3,15,1999,10,"",,,
18291,1,12,1991,3,"DM","M",35,40
1590,1,29,1979,6,"DM","M",,50
15742,3,13,1989,5,"RM","F",17,13
32912,10,14,2001,4,"OT","M",22,25
7626,3,15,1983,8,"DS","F",50,113
16211,6,4,1989,13,"PE","F",21,21
30363,2,6,2000,3,"OT","M",21,26
13662,11,21,1987,16,"RM","M",15,7
22247,4,29,1995,22,"SU",,,
11113,12,7,1985,6,"DO","M",,
28283,7,19,1998,14,"DM","M",36,45
25734,5,10,1997,2,"DO","M",36,52
20167,7,30,1992,1,"OL","F",20,30
9033,4,10,1984,15,"PM","M",21,17
23185,12,22,1995,13,"PF","F",20,9
6484,8,16,1982,1,"DM","F",35,34
15069,11,5,1988,23,"PE","F",20,26
23654,4,14,1996,21,"PF","F",16,10
21105,9,16,1993,18,"PF","F",15,9
29690,5,16,1999,16,"PP","F",21,20
4404,5,3,1981,11,"DM","F",36,44
18556,3,14,1991,9,"OL","F",20,36
12989,7,1,1987,7,"RM","F",17,14
1855,7,3,1979,21,"OT","M",20,27
27610,3,2,1998,11,"DM","M",35,
16476,9,4,1989,8,"DM","F",36,42
13927,1,24,1988,5,"DO","F",34,45
22512,7,21,1995,11,"PP","M",23,20
5811,4,29,1982,1,"DM","F",33,39
11847,9,7,1986,13,"CB",,,
20432,10,18,1992,7,"RM",,,
34584,7,14,2002,11,"DO","F",34,45
9298,7,3,1984,12,"NL","M",32,126
3731,1,11,1981,16,"",,,
6749,10,23,1982,13,"DS","M",49,123
35053,11,9,2002,21,"PB","F",25,25
32504,8,26,2001,6,"PB","M",26,24
7218,1,12,1983,12,"DS","F",49,110
29955,11,6,1999,19,"OT","M",20,21
4669,7,8,1981,9,"DS","F",52,131
13254,8,26,1987,1,"PM","M",21,16
2120,10,25,1979,14,"DM","M",35,
27875,5,28,1998,2,"PP","M",22,21
11174,12,8,1985,3,"NL","M",33,225
25326,3,16,1997,9,"DM","F",36,39
40,7,18,1977,20,"DM","M",36,
33911,4,17,2002,15,"PP","F",22,18
6076,6,29,1982,12,"DS","M",,115
14661,7,14,1988,12,"RM","M",17,11
23246,1,27,1996,21,"PM","F",20,31
31831,3,4,2001,11,"PB","F",26,29
20697,3,17,1993,12,"DM","F",34,42
3996,3,9,1981,9,"DS","F",,79
18148,12,16,1990,9,"DM","M",37,47
35318,12,8,2002,6,"PB","M",26,45
18617,4,21,1991,14,"DM","M",35,49
32769,9,23,2001,13,"PB","M",27,32
7483,3,14,1983,12,"OL","F",20,29
16068,5,11,1989,15,"PE","F",21,25
24653,10,13,1996,14,"OT","M",18,13
13519,10,24,1987,24,"PE","M",21,22
30689,5,1,2000,8,"DO","F",36,47
28140,6,28,1998,16,"PP","M",23,12
2854,4,17,1980,1,"DS","M",52,122
22573,8,26,1995,17,"DM","M",37,53
11439,5,10,1986,24,"DM","F",37,39
25591,4,13,1997,16,"RM","M",16,12
8890,2,5,1984,11,"DM","F",36,33
17475,4,26,1990,8,"DO","F",34,28
26060,6,10,1997,17,"DM","M",35,50
23511,3,23,1996,19,"PF","M",16,
32096,5,27,2001,4,"DM","F",35,49
20962,6,19,1993,11,"DM","M",38,51
15395,1,11,1989,9,"RM","F",16,10
4261,4,6,1981,24,"DO","M",,49
1712,3,31,1979,11,"DM","M",38,46
30016,11,7,1999,11,"PP","M",22,18
18882,7,13,1991,13,"PF","F",15,6
2181,11,17,1979,2,"DM","F",36,49
16333,7,29,1989,19,"SH","F",23,30
24918,12,19,1996,4,"DM","M",37,51
33503,2,10,2002,6,"PB","F",26,35
8217,8,16,1983,5,"OL","M",22,37
30954,7,1,2000,21,"PB","F",24,30
14253,3,20,1988,19,"OT","F",20,30
22838,10,28,1995,17,"PF","M",15,10
11704,7,4,1986,11,"NL","M",30,113
9155,5,13,1984,15,"PM","F",21,17
26325,7,9,1997,5,"NL","F",32,147
1039,7,7,1978,11,"DM","F",37,48
34910,10,6,2002,9,"DM","F",35,41
9624,10,20,1984,12,"OL","M",20,26
32361,7,22,2001,5,"",,,
7075,11,22,1982,12,"DO","M",35,48
15660,2,5,1989,15,"OL","F",22,33
4526,6,4,1981,4,"PF","M",15,6
21696,7,9,1994,8,"DM","F",37,41
30281,1,10,2000,5,"RM","F",15,19
19147,10,11,1991,3,"PP","F",16,28
13580,10,25,1987,7,"RM","M",16,10
27732,3,29,1998,1,"PP","M",21,20
2446,2,24,1980,17,"DO","F",35,52
8482,10,16,1983,11,"DM","F",34,37
17067,1,30,1990,10,"RM","F",18,12
14518,5,15,1988,8,"DM","M",37,50
34237,6,15,2002,18,"PB","M",26,18
23103,12,3,1995,16,"PP","F",21,14
11969,11,15,1986,18,"DM","M",37,49
6402,8,15,1982,24,"PM","M",20,25
20554,12,22,1992,4,"DM","M",32,
21023,7,15,1993,9,"OL","F",21,25
35175,11,10,2002,15,"DO","F",34,42
9889,1,20,1985,1,"DO","F",35,39
7340,2,26,1983,18,"DO","M",37,53
27059,10,26,1997,8,"OT","M",20,25
15925,4,2,1989,14,"DM","M",38,
33095,11,17,2001,21,"PB","M",27,34
30546,3,5,2000,8,"PP","F",22,14
5260,1,24,1982,11,"DM","F",36,56
13845,1,23,1988,20,"RM","M",16,8
27997,5,29,1998,3,"PP","M",21,19
2711,3,9,1980,19,"PE","F",,23
162,9,11,1977,6,"DM","F",39,45
19881,4,4,1992,17,"DM","M",36,
28466,8,23,1998,14,"DM","F",34,42
25917,5,11,1997,3,"DM","M",36,45
631,2,19,1978,5,"OT","M",20,25
34502,7,13,2002,21,"PB","F",26,33
23368,2,24,1996,2,"DM","M",40,55
6667,10,23,1982,3,"DM","M",37,43
4118,4,5,1981,23,"RM","F",,17
32422,8,25,2001,17,"DM","M",36,41
21288,12,14,1993,12,"DM","F",36,39
35440,12,29,2002,17,"DM","F",27,44
4587,6,5,1981,22,"DS","M",51,123
18739,6,13,1991,24,"AH",,,
27324,12,28,1997,17,"OT","M",21,27
10623,7,24,1985,2,"DM","F",35,33
33360,1,12,2002,18,"PB","M",28,44
16659,11,4,1989,19,"SF","M",27,50
30811,6,4,2000,3,"PB","M",26,21
25244,3,15,1997,18,"RM","M",15,9
14110,2,22,1988,4,"DM","M",36,40
11561,6,4,1986,14,"OL","F",19,36
28731,10,24,1998,24,"PM","F",21,24
3445,11,8,1980,11,"DS","M",51,127
12030,11,16,1986,1,"DM","M",34,31
26182,6,11,1997,22,"DM","M",38,47
34767,10,5,2002,1,"PP","F",23,22
9481,8,25,1984,17,"DM","F",35,43
18066,11,11,1990,11,"DM","F",37,42
6932,10,24,1982,9,"DM","F",35,48
24102,6,14,1996,9,"DO","M",34,48
32687,9,22,2001,7,"PP","M",22,19
21553,4,11,1994,10,"RM","F",16,10
15986,5,9,1989,19,"PE","M",20,22
4852,9,30,1981,14,"DM","F",36,42
19004,8,8,1991,8,"DM","F",38,40
2303,1,15,1980,19,"RM","F",18,9
10888,10,13,1985,8,"DO","F",35,45
19473,12,8,1991,13,"RM","F",15,7
16924,1,6,1990,6,"PF","M",16,7
25509,4,12,1997,1,"DO","F",35,55
223,9,13,1977,8,"DS","F",50,
14375,4,18,1988,17,"OT","F",20,28
8808,12,9,1983,11,"DM","F",35,32
23429,2,25,1996,4,"PF","M",16,9
12295,2,1,1987,13,"DM","M",35,50
9746,12,30,1984,7,"",,,
18331,2,16,1991,19,"PF","M",15,8
1630,2,24,1979,8,"DS","F",50,
35501,12,31,2002,4,"DO","M",33,48
32952,10,14,2001,11,"PP","F",22,18
7666,4,16,1983,17,"DS","M",50,130
16251,7,3,1989,23,"RM","M",,10
30403,2,6,2000,13,"PB","F",23,29
5117,12,31,1981,24,"NL","F",33,134
2568,3,9,1980,9,"OL","F",,34
30872,6,4,2000,8,"PP","F",21,18
28323,8,22,1998,2,"DM","M",36,45
3037,6,2,1980,7,"DM","F",36,53
25774,5,10,1997,17,"DM","F",36,43
488,12,11,1977,12,"DM","M",37,41
9073,5,12,1984,13,"DM","F",38,46
34828,10,5,2002,22,"PB","F",27,36
23694,4,14,1996,21,"PF","F",16,9
6993,11,21,1982,13,"DM","F",35,42
21145,9,17,1993,13,"CB",,,
29730,6,12,1999,18,"PB","M",24,19
1895,7,4,1979,15,"PP","F",20,16
10480,6,15,1985,24,"DM","M",35,41
19065,9,10,1991,24,"OT","F",21,37
33217,11,18,2001,16,"DO","F",34,46
27650,3,2,1998,8,"DO","M",39,
16516,10,7,1989,11,"SH","M",26,38
13967,1,24,1988,5,"RM","M",17,9
31137,7,22,2000,17,"DM","M",37,45
14436,4,19,1988,12,"DM","M",37,49
28588,9,20,1998,7,"PM","F",19,26
3302,9,8,1980,2,"DM","M",35,45
11887,9,7,1986,2,"NL","M",33,177
20472,10,19,1992,14,"DM","M",36,37
9338,7,4,1984,11,"DO","F",35,57
26508,7,9,1997,6,"PB","M",26,30
35093,11,10,2002,11,"DO","M",37,62
23959,5,24,1996,5,"DM","F",38,49
18392,2,17,1991,14,"DM","M",36,39
7258,1,13,1983,1,"DO","M",35,52
21410,2,21,1994,11,"RM","F",18,10
4709,7,30,1981,8,"OL","F",19,31
13294,8,26,1987,4,"DM","M",33,29
21879,11,1,1994,2,"DM","M",36,44
19330,11,15,1991,4,"DM","M",37,50
27915,5,28,1998,7,"PP","F",22,19
16781,12,4,1989,22,"DM","M",36,52
11214,12,8,1985,1,"DM","F",37,44
80,8,19,1977,1,"DS","M",48,
33951,5,15,2002,1,"NL","F",30,138
25835,5,10,1997,20,"PP","F",22,20
14701,7,15,1988,15,"PE","F",21,21
12152,12,15,1986,9,"DM","F",35,46
20737,3,18,1993,11,"DM","M",36,50
29322,3,14,1999,12,"OT","M",20,26
4036,4,5,1981,22,"DM","M",,38
26773,9,27,1997,2,"DM","M",36,49
35358,12,8,2002,13,"PB","M",27,49
10072,3,16,1985,6,"DO","F",37,45
18657,5,13,1991,17,"DO","M",36,40
32809,10,13,2001,1,"DM","M",37,44
7523,3,14,1983,11,"DM","F",36,49
4974,11,22,1981,11,"NL","M",,186
33278,12,15,2001,22,"PB","F",26,32
22144,3,5,1995,11,"DM","M",,
30729,6,3,2000,1,"PB","F",25,28
5443,2,23,1982,14,"DM","M",36,54
28180,7,18,1998,1,"PP","M",,10
2894,4,18,1980,24,"RM","F",,9
11479,5,10,1986,20,"DM","M",38,46
345,11,12,1977,22,"DM","F",34,45
17515,5,24,1990,11,"DO","M",36,51
26100,6,10,1997,8,"PP","M",21,12
14966,10,8,1988,12,"DO","F",36,55
9399,7,31,1984,12,"DM","F",36,46
23551,3,23,1996,20,"PP","M",24,19
32136,5,27,2001,14,"DM","F",35,50
4301,4,6,1981,13,"DS","F",,133
12886,6,30,1987,6,"DO","M",36,43
10337,4,21,1985,5,"DM","M",38,51
30056,11,7,1999,10,"",,,
18922,8,7,1991,18,"PP","M",22,24
7788,4,17,1983,2,"PM","M",20,19
2221,11,18,1979,15,"DM","F",35,45
16373,7,30,1989,8,"DS","M",,
33543,2,10,2002,14,"DM","M",36,48
16842,12,5,1989,11,"RM","F",17,10
30994,7,2,2000,3,"PB","F",25,33
5708,4,28,1982,22,"DS","M",48,130
3159,7,22,1980,12,"DM","M",37,54
22878,10,28,1995,2,"PP","F",19,13
11744,8,9,1986,12,"NL","M",33,180
28914,11,22,1998,14,"DM","F",34,41
26365,7,9,1997,9,"DM","F",35,41
1079,7,8,1978,18,"DS","M",50,106
9664,10,21,1984,5,"OL","M",21,29
23816,4,15,1996,3,"OL","F",21,23
15700,3,12,1989,22,"DS","F",52,101
24285,8,14,1996,22,"PP","M",23,16
21736,8,18,1994,6,"PF","F",15,8
30321,2,5,2000,19,"PB","F",25,23
19187,10,11,1991,9,"PE","M",20,20
2486,2,25,1980,13,"DM","M",36,48
33808,4,16,2002,13,"OT","F",21,22
28241,7,18,1998,12,"PP","M",20,12
17107,1,30,1990,4,"DS","M",50,132
31259,8,25,2000,20,"PB","F",26,22
406,11,14,1977,12,"NL",,,
14558,6,11,1988,12,"DO","F",36,49
23143,12,21,1995,19,"PP","M",22,17
31728,1,21,2001,19,"PP","M",20,11
29179,2,20,1999,12,"DM","M",35,46
12478,4,4,1987,23,"PM",,,
26630,7,29,1997,19,"PP","M",21,17
21063,8,20,1993,13,"PP","F",20,17
35215,12,7,2002,17,"PB","F",25,29
9929,2,16,1985,16,"DM","M",37,37
7380,2,27,1983,22,"DM","F",34,38
24550,10,12,1996,12,"PF","M",16,7
7849,5,14,1983,20,"NL","F",31,151
22001,1,11,1995,2,"DO","M",36,41
30586,4,30,2000,1,"PP","M",24,21
5300,1,25,1982,3,"PF","F",15,7
13885,1,23,1988,22,"DS","F",51,144
2751,3,21,1980,12,"NL","M",,97
19921,4,5,1992,8,"DO","F",34,51
28506,9,19,1998,19,"PB","M",25,24
17372,4,24,1990,18,"PE","F",21,24
11805,8,10,1986,13,"DM","F",36,55
671,3,11,1978,2,"PE","M",20,28
14823,8,10,1988,13,"PE","F",21,18
34542,7,14,2002,3,"PB","F",26,27
6707,10,23,1982,12,"DM","M",38,45
15292,12,14,1988,10,"RM","M",16,11
12743,5,28,1987,15,"PM","M",20,20
21328,2,1,1994,1,"DM","F",36,41
10194,4,20,1985,22,"OT","M",19,29
4627,7,7,1981,17,"DS","F",48,89
19248,11,13,1991,18,"RM","F",16,12
33400,2,9,2002,1,"DO","M",37,60
8114,7,17,1983,6,"DM","M",37,44
5565,3,29,1982,10,"RM","F",16,14
14150,2,22,1988,3,"RM","F",16,10
31320,8,26,2000,9,"DM","F",36,39
28771,10,25,1998,11,"PB","M",27,35
3485,11,9,1980,14,"DM","F",36,32
12070,11,16,1986,9,"DM","M",34,36
26222,6,11,1997,21,"PB","M",28,29
936,5,19,1978,10,"",,,
26691,7,30,1997,14,"DM","M",34,39
24142,6,14,1996,3,"PP","M",24,22
32727,9,23,2001,6,"OT","M",20,23
21593,5,19,1994,8,"DO","M",37,54
4892,10,24,1981,12,"DM","M",36,44
30647,4,30,2000,17,"DM","M",37,46
19513,12,8,1991,13,"OL","M",20,34
33665,3,14,2002,4,"DM","M",36,53
2812,3,22,1980,13,"DS","M",47,90
16964,1,7,1990,13,"RM","M",17,11
25549,4,12,1997,17,"OT","M",21,30
34134,5,16,2002,8,"DO","F",35,47
31585,11,26,2000,9,"OT","M",20,27
6299,7,27,1982,16,"RM",,,
14884,9,11,1988,21,"",,,
29036,1,16,1999,2,"DM","M",36,44
23469,2,25,1996,13,"PF","M",16,10
12335,3,1,1987,14,"DM","F",36,46
9786,12,31,1984,5,"DM","F",35,33
26956,10,25,1997,18,"RM","M",17,
10255,4,21,1985,3,"OL","F",21,32
24407,9,21,1996,2,"DM","F",35,42
32992,10,14,2001,13,"PB","M",28,40
7706,4,16,1983,13,"PF","M",17,7
16291,7,4,1989,14,"DM","M",,41
5157,12,31,1981,13,"DM","M",36,45
22327,6,8,1995,14,"DM","F",36,22
30912,7,1,2000,2,"OT","M",20,23
19778,3,7,1992,4,"DM","M",37,32
14211,3,20,1988,22,"DM","M",38,50
3077,6,22,1980,22,"DS","F",50,102
17229,2,25,1990,8,"DM","F",35,40
528,1,8,1978,20,"DS","M",51,122
9113,5,12,1984,20,"DM","M",38,49
17698,7,22,1990,8,"OT","M",18,14
15149,11,6,1988,9,"DM","M",37,46
23734,4,15,1996,16,"DM","F",31,30
12600,4,6,1987,15,"AB",,,
7033,11,21,1982,10,"",,,
29770,6,13,1999,3,"PB","F",27,26
21654,6,15,1994,16,"",,,
10520,6,16,1985,1,"DS","F",54,120
7971,6,17,1983,20,"DM","F",36,
16556,10,8,1989,4,"DM","F",36,39
25141,2,9,1997,5,"PM","F",21,16
33726,3,14,2002,15,"PP","M",22,17
22592,8,27,1995,3,"PP","F",23,19
31177,7,23,2000,16,"",,,
5891,5,21,1982,22,"DS","M",48,65
14476,5,14,1988,17,"SH","M",26,96
28628,9,21,1998,11,"PP","M",22,13
3342,10,11,1980,21,"OT","F",20,22
793,4,9,1978,4,"DS","F",49,121
29097,1,17,1999,3,"PB","F",26,35
17963,10,17,1990,14,"DM","M",36,39
26548,7,29,1997,17,"DM","M",37,49
1262,9,4,1978,5,"DM","F",36,39
35133,11,10,2002,9,"DM","M",36,47
23999,5,24,1996,10,"RM","M",18,12
7298,1,13,1983,1,"DM","F",35,34
13334,8,26,1987,4,"SS",,,
33053,11,17,2001,19,"OT","M",21,21
21919,11,2,1994,9,"DM","F",36,42
10785,9,22,1985,11,"DM","F",33,36
5218,1,24,1982,11,"NL","M",34,168
19370,12,7,1991,23,"RM","M",16,11
27955,5,29,1998,6,"PB","M",27,35
120,8,21,1977,20,"DM","M",35,
33991,5,15,2002,19,"PP","F",22,18
8705,12,8,1983,12,"RM","F",15,7
31442,9,30,2000,23,"",,,
6156,7,25,1982,1,"OT","M",,21
25875,5,11,1997,15,"PP","F",22,21
14741,7,15,1988,10,"",,,
3607,12,16,1980,13,"DM","F",36,40
12192,1,31,1987,20,"RM","F",15,9
29362,3,14,1999,22,"PB","F",26,30
12661,4,25,1987,6,"DO","F",35,50
26813,9,27,1997,1,"DO","F",33,47
1527,12,3,1978,6,"DS","F",50,111
35398,12,29,2002,2,"PB","F",26,27
18697,5,14,1991,8,"DM","M",35,49
7563,3,15,1983,1,"DO","F",34,52
24733,11,17,1996,15,"RM","F",17,12
33318,12,16,2001,14,"",,,
22184,4,1,1995,17,"DM","M",37,55
5483,2,24,1982,2,"DM","M",34,44
19635,1,9,1992,10,"RM",,,
11519,5,11,1986,8,"DS","F",49,103
20104,7,3,1992,7,"AH",,,
34256,6,15,2002,17,"DM","F",36,26
17555,5,25,1990,14,"DM","F",35,45
26140,6,11,1997,21,"PF","M",15,9
15006,10,9,1988,5,"OT","F",21,24
32176,6,25,2001,12,"DM","F",34,33
29627,5,16,1999,3,"PB","F",26,21
24060,6,13,1996,7,"PP","M",22,19
12926,6,30,1987,14,"PM","M",20,22
27078,10,26,1997,14,"DM","M",36,50
10377,5,23,1985,6,"SS",,,
18962,8,8,1991,10,"PC",,,
27547,3,1,1998,17,"AH",,,
24998,2,8,1997,1,"DO","M",35,56
33583,3,13,2002,2,"NL","M",32,136
8297,9,10,1983,17,"DM","F",36,37
22449,7,20,1995,2,"PP","F",19,9
16882,1,6,1990,23,"RM","F",17,9
31034,7,2,2000,9,"PP","F",22,19
5748,4,28,1982,24,"DO","F",36,44
3199,8,13,1980,8,"OL","F",21,34
31503,10,1,2000,7,"",,,
20369,9,26,1992,1,"DO","F",34,55
3668,12,16,1980,8,"DS","M",51,140
17820,9,22,1990,7,"RM","F",,13
26405,7,9,1997,13,"PF","M",16,10
1119,8,4,1978,12,"NL","M",33,189
9704,10,21,1984,3,"OL","F",20,36
15740,3,13,1989,20,"RM","M",17,11
24325,8,14,1996,21,"PP","F",24,21
13191,7,26,1987,8,"DM","M",,48
7624,3,15,1983,3,"DM","F",35,48
10642,8,19,1985,18,"OL","F",22,28
30361,2,6,2000,3,"PB","M",26,39
2526,2,25,1980,24,"OL","M",21,37
11111,12,7,1985,14,"DM","F",36,38
33848,4,17,2002,3,"DM","M",36,50
8562,11,12,1983,13,"DS","M",50,118
17147,2,24,1990,7,"PE","M",22,26
6013,6,28,1982,6,"PF","M",,7
446,12,10,1977,2,"OT",,,
31768,1,22,2001,11,"DM","M",36,45
15067,11,5,1988,1,"DM","F",37,43
29219,2,20,1999,21,"DM","M",36,50
3933,3,8,1981,13,"DS","F",47,66
1384,10,8,1978,13,"DS","F",48,106
9969,2,16,1985,6,"DO","M",34,47
27139,11,22,1997,14,"DM","F",36,43
24590,10,12,1996,1,"DO","F",37,38
7889,5,15,1983,9,"PF","M",16,8
22041,2,4,1995,20,"AB",,,
22510,7,21,1995,5,"RM","F",18,13
19961,5,2,1992,2,"SO","F",30,82
28546,9,20,1998,1,"DO","F",37,61
17412,4,25,1990,16,"RM","M",17,9
711,3,13,1978,18,"DM","F",37,44
34582,7,14,2002,11,"DO","M",36,42
32033,4,22,2001,5,"",,,
26466,7,9,1997,4,"SS",,,
15332,1,10,1989,1,"UP",,,
29484,4,17,1999,22,"DM","F",33,34
12783,5,28,1987,22,"DM","F",36,54
21368,2,3,1994,14,"DM","M",38,43
29953,11,6,1999,12,"PP","M",22,18
27404,12,29,1997,8,"DO","F",35,43
2118,10,25,1979,4,"DS","M",48,130
10703,8,20,1985,9,"DM","M",36,43
24855,12,18,1996,12,"DM","M",38,50
19288,11,14,1991,24,"RM","F",16,16
8154,7,17,1983,11,"DM","M",35,46
5605,3,30,1982,6,"DS","F",49,160
33909,4,17,2002,15,"PP","F",22,15
22775,9,24,1995,11,"DM","F",33,44
6074,6,29,1982,13,"DM","M",36,39
20226,7,31,1992,4,"PP","M",22,12
28811,11,21,1998,12,"DO","F",33,46
3525,11,9,1980,2,"DM","M",34,42
12110,12,14,1986,23,"RM","F",16,12
7,7,16,1977,2,"PE","F",,
740,4,8,1978,13,"OL","M",,
9325,7,4,1984,2,"CQ",,,
4,7,16,1977,7,"DM","M",36,
14152,2,22,1988,5,"DO","F",37,45
3018,5,25,1980,4,"DS","M",49,95
31322,8,26,2000,9,"DM","M",36,51
14621,6,12,1988,11,"PP","F",21,19
28773,10,25,1998,11,"DO","M",35,53
12072,12,14,1986,24,"DM","F",36,43
938,6,8,1978,20,"DM","M",38,46
34809,10,5,2002,19,"OT","F",20,30
29242,2,21,1999,4,"DM","F",35,39
12541,4,6,1987,9,"DO","M",36,48
6974,11,21,1982,15,"PE","F",21,24
15559,2,4,1989,18,"RM","F",18,10
35278,12,7,2002,20,"AH",,,
32729,9,23,2001,6,"PB","M",26,31
7443,2,27,1983,14,"DM","F",37,39
21595,5,19,1994,14,"DM","M",37,46
4894,10,24,1981,20,"PE","F",21,24
22064,2,4,1995,20,"AB",,,
5363,2,22,1982,17,"DM","M",37,49
19515,12,8,1991,6,"RM","F",17,11
8381,9,11,1983,8,"DS","F",51,124
25551,4,12,1997,1,"DO","F",37,56
19984,5,3,1992,4,"DM","F",36,50
14417,4,19,1988,11,"DM","M",37,46
14886,9,12,1988,8,"OT","M",19,19
29038,1,16,1999,2,"DS","F",51,136
23471,2,25,1996,3,"DO","F",35,50
12337,3,1,1987,12,"RM","F",15,11
1203,9,3,1978,11,"DM","F",35,45
18373,2,16,1991,7,"RM","F",17,11
12806,5,28,1987,1,"DS","M",47,80
26958,10,25,1997,22,"DM","M",35,50
32994,10,14,2001,13,"OT","F",21,19
21860,10,13,1994,16,"RM","F",16,15
16293,7,4,1989,16,"PE","M",,21
5159,1,1,1982,5,"DM","F",34,42
33463,2,9,2002,19,"PB","F",26,27
30914,7,1,2000,2,"PB","F",25,38
5628,3,30,1982,14,"DM","F",36,48
19780,3,7,1992,24,"PE","F",21,21
3079,6,22,1980,18,"DO","M",36,44
31383,9,30,2000,2,"PB","M",27,33
25816,5,10,1997,17,"DO","F",33,50
34401,6,16,2002,15,"PB","F",26,26
9115,5,12,1984,23,"DO","M",33,28
3548,12,15,1980,9,"DM","F",35,43
26285,7,9,1997,15,"PP","F",21,18
29303,3,14,1999,1,"OT","M",18,27
23736,4,15,1996,11,"PP","M",22,22
12602,4,6,1987,2,"NL","M",34,260
24205,7,20,1996,19,"PF","F",16,7
27223,11,22,1997,4,"DM","F",36,45
1937,7,25,1979,11,"DS","M",51,98
10522,6,16,1985,1,"DS","F",52,123
33259,12,15,2001,18,"RM","F",16,12
16558,10,8,1989,4,"DM","F",37,46
10991,11,16,1985,14,"DM","F",37,37
5424,2,23,1982,3,"RM","M",16,7
33728,3,14,2002,15,"PB","F",26,34
17027,1,29,1990,21,"PG",,,
31179,7,23,2000,3,"PB","F",25,30
20045,5,30,1992,19,"",,,
14478,5,14,1988,20,"PE","F",21,27
3344,10,11,1980,10,"OT","F",20,24
31648,12,22,2000,17,"DM","M",36,47
14947,10,8,1988,16,"PE","F",20,31
9380,7,31,1984,24,"DO","M",,
17965,10,17,1990,20,"RM","F",17,16
9849,1,19,1985,6,"DO","F",33,39
24001,5,24,1996,15,"PP","M",24,20
12867,5,28,1987,16,"PM","M",16,12
7300,1,13,1983,4,"DS","M",51,131
24470,9,22,1996,6,"OT","F",20,25
7769,4,17,1983,3,"PF","M",17,9
21921,11,2,1994,13,"OL","M",20,
10787,9,22,1985,5,"OL","M",22,37
27957,5,29,1998,9,"PL","M",21,16
22390,6,27,1995,17,"PF","F",16,9
16823,12,5,1989,3,"RM","F",17,13
122,8,21,1977,22,"DM","F",33,
17292,3,29,1990,23,"RM","F",16,12
31444,10,1,2000,3,"PB","M",25,29
591,2,18,1978,6,"DM","F",38,
14743,8,9,1988,17,"DO","M",37,58
3609,12,16,1980,13,"DS","M",50,135
20779,4,23,1993,1,"PP","F",21,16
15212,12,13,1988,22,"DS","F",46,113
29364,3,14,1999,22,"PB","M",30,34
1529,12,3,1978,2,"DM","M",38,38
35400,12,29,2002,2,"PB","M",26,36
29833,9,11,1999,22,"PB","F",26,38
24266,7,21,1996,11,"OT","M",20,19
7565,3,15,1983,6,"DO","M",34,47
33320,12,16,2001,16,"",,,
8034,6,18,1983,9,"PF","M",16,9
22186,4,1,1995,20,"PF","F",16,8
5485,2,24,1982,2,"NL","M",34,202
33789,4,16,2002,8,"DO","M",36,55
28222,7,18,1998,12,"DM","F",36,54
22655,8,27,1995,8,"DM","M",37,43
5954,5,22,1982,2,"DO","M",35,41
387,11,13,1977,21,"OL",,,
28691,10,24,1998,18,"PB","M",26,40
31709,12,23,2000,10,"",,,
26142,6,11,1997,14,"DM","F",38,44
856,5,6,1978,9,"DM","F",37,50
15008,10,9,1988,14,"DM","F",35,45
26611,7,29,1997,22,"OT","F",20,19
15477,1,11,1989,8,"DM","F",35,43
29629,5,16,1999,3,"PB","F",26,37
12928,6,30,1987,17,"RM","F",14,8
18964,8,8,1991,4,"AH",,,
13397,9,26,1987,13,"DM","F",36,40
7830,5,14,1983,17,"DM","M",37,49
19433,12,7,1991,24,"RM","F",17,9
33585,3,13,2002,2,"OT","F",20,23
22451,7,20,1995,7,"RM","F",15,9
16884,1,6,1990,24,"RM","M",17,9
5750,4,28,1982,23,"RM","F",16,9
34054,5,16,2002,3,"PB","M",27,48
11786,8,10,1986,8,"DS","F",49,130
6219,7,26,1982,14,"DM","F",,44
20371,9,26,1992,7,"RM","F",15,11
12255,2,1,1987,5,"OL","M",20,28
26407,7,9,1997,18,"PB","F",26,29
15273,12,14,1988,11,"DM","F",36,41
9706,10,21,1984,3,"OL","F",20,16
26876,9,28,1997,8,"DM","F",35,34
24327,8,14,1996,12,"PF","M",16,9
13193,8,25,1987,20,"DM","F",34,34
24796,12,18,1996,1,"DO","M",35,36
19229,11,13,1991,19,"OT","M",20,24
27814,5,3,1998,3,"PP","F",20,17
2528,2,25,1980,1,"OT","F",20,24
19698,2,7,1992,3,"BA","M",12,7
33850,4,17,2002,3,"PP","M",22,21
17149,2,24,1990,17,"RM","M",17,9
6015,6,28,1982,4,"DM","M",37,50
448,12,10,1977,20,"DS","M",51,116
34319,6,16,2002,6,"PP","F",22,19
17618,6,22,1990,14,"DM","M",34,18
31770,1,22,2001,11,"DM","M",37,46
20636,2,19,1993,19,"RM","M",15,11
3935,3,8,1981,20,"NL","M",36,223
32239,6,26,2001,14,"",,,
26672,7,30,1997,16,"PE","M",21,19
9971,2,16,1985,16,"DM","M",35,42
27141,11,22,1997,17,"DM","M",36,47
10440,5,24,1985,1,"DS","M",52,157
24592,10,12,1996,12,"OT","F",21,25
7891,5,15,1983,2,"DS","M",54,139
30628,4,30,2000,22,"PB","F",26,39
25061,2,9,1997,14,"DM","M",34,39
8360,9,11,1983,11,"SA",,,
2793,3,22,1980,3,"RM","M",,10
11378,4,13,1986,5,"DM","M",39,53
31097,7,22,2000,1,"PP","F",22,13
34115,5,16,2002,9,"SH",,,
28548,9,20,1998,1,"AH",,,
3262,9,7,1980,18,"SS",,,
17414,4,25,1990,17,"DM","F",37,48
713,3,13,1978,8,"OT","M",15,29
17883,9,25,1990,11,"DM","F",,42
32035,5,26,2001,1,"PP","F",22,21
1182,8,5,1978,1,"DS","F",50,88
15334,1,10,1989,20,"RF","F",17,10
4200,4,6,1981,6,"DS","M",,125
21370,2,3,1994,14,"AB",,,
15803,3,14,1989,9,"AB",,,
10236,4,20,1985,24,"SS",,,
10705,8,20,1985,5,"DO","F",36,54
24857,12,18,1996,12,"DM","F",36,40
19290,11,14,1991,24,"RM","F",16,10
8156,8,15,1983,20,"DM","F",35,34
14192,3,20,1988,22,"DM","M",37,47
8625,11,12,1983,21,"PF","F",16,6
22777,9,24,1995,13,"PP","M",23,17
28813,11,21,1998,12,"DO","M",35,56
17679,7,21,1990,18,"PP","F",20,10
12112,12,14,1986,6,"DO","F",37,50
978,6,8,1978,21,"OT","M",18,12
29282,2,21,1999,13,"DM","M",36,54
32300,7,22,2001,9,"NL",,34,95
26733,7,30,1997,3,"PP","M",22,16
1447,11,5,1978,6,"DS","F",50,111
15599,2,5,1989,8,"RM","F",18,10
27202,11,22,1997,21,"PB","F",25,29
21635,6,14,1994,24,"",,,
30220,1,10,2000,3,"OT","F",20,25
4934,10,25,1981,13,"DS","M",51,138
22104,2,5,1995,16,"",,,
25122,2,9,1997,5,"RX","M",17,11
19555,1,8,1992,17,"DO","F",31,49
8421,10,15,1983,20,"DS","F",48,122
20024,5,30,1992,2,"OT","M",23,30
34176,5,16,2002,16,"DO","M",37,52
23042,12,2,1995,17,"RM","M",18,13
6341,8,15,1982,18,"DS","M",48,95
34645,7,14,2002,14,"DM","M",36,37
29078,1,16,1999,22,"PB","F",26,31
12377,3,1,1987,23,"PM","M",22,27
6810,10,24,1982,22,"DM","M",37,41
1243,9,3,1978,9,"DS","F",47,114
29547,4,18,1999,13,"PB","F",26,30
12846,5,28,1987,17,"NL","F",33,179
26998,10,25,1997,21,"AH",,,
15864,4,1,1989,1,"SS",,,
10297,4,21,1985,4,"OL","F",19,30
33034,11,17,2001,2,"PP","M",21,16
27467,1,31,1998,2,"DO","F",35,53
10766,9,21,1985,19,"DM","M",34,34
5199,1,24,1982,11,"DM","M",36,48
13784,11,22,1987,9,"DS","F",,145
5668,3,30,1982,6,"DM","M",38,51
19820,3,7,1992,6,"RM","F",14,10
8686,11,13,1983,5,"OT","F",19,29
3119,6,23,1980,12,"DM","M",36,40
20289,8,30,1992,6,"PF","F",20,10
34441,7,13,2002,12,"PI","M",22,20
3588,12,15,1980,4,"DM","F",35,46
17740,8,16,1990,18,"PP","F",21,14
6606,9,19,1982,17,"DM","F",36,28
23776,4,15,1996,3,"RM","M",18,11
18209,1,11,1991,12,"OL","F",21,25
12642,4,25,1987,16,"DO","F",35,49
13111,7,26,1987,7,"PM","F",,25
27263,11,22,1997,5,"PM","F",20,11
10562,7,23,1985,12,"DM","F",36,44
16598,11,4,1989,21,"BA","M",13,7
11031,11,17,1985,11,"DO","M",35,53
25183,3,15,1997,2,"DM","F",37,48
31219,8,25,2000,12,"PP","M",22,22
25652,4,13,1997,15,"PF","M",15,8
20085,7,3,1992,7,"RM","M",17,12
3384,10,12,1980,5,"DM","M",38,48
31688,12,23,2000,9,"DM","M",35,43
34706,9,10,2002,14,"PP","M",21,17
29139,1,17,1999,13,"DM","F",37,44
3853,1,31,1981,24,"DM","F",36,47
18005,11,10,1990,7,"RM","F",17,14
1304,10,6,1978,1,"DM","F",37,
29608,5,15,1999,21,"PB","F",26,38
24041,6,13,1996,19,"PP","M",22,14
18474,3,13,1991,2,"RM","F",17,12
32626,9,22,2001,19,"OT","F",21,21
1773,4,29,1979,4,"DS","F",51,92
24510,9,22,1996,14,"PF","M",15,8
27528,2,1,1998,5,"PM","F",20,23
21961,12,4,1994,17,"DM","M",37,52
10827,9,22,1985,2,"OT","M",21,22
22430,6,28,1995,6,"OL","F",20,35
11296,3,9,1986,9,"DM","M",38,48
25448,4,12,1997,19,"PF","M",15,9
8747,12,8,1983,20,"DS","M",51,145
31484,10,1,2000,13,"PE","M",20,18
14783,8,9,1988,6,"OT","M",21,17
9216,5,27,1984,14,"DO","F",37,43
3649,12,16,1980,13,"NL","F",31,120
31953,4,21,2001,12,"PP","F",21,23
15252,12,14,1988,14,"CB",,,
29404,3,15,1999,13,"DM","F",36,45
18270,1,12,1991,6,"RM","M",16,10
12703,4,26,1987,1,"NL","F",30,63
1569,1,28,1979,19,"",,,
29873,10,9,1999,12,"PP","F",20,19
7605,3,15,1983,1,"DS","F",51,153
2038,9,22,1979,22,"OT","M",19,19
16190,6,4,1989,14,"DM","M",36,45
8074,7,16,1983,12,"RM","F",16,11
22226,4,2,1995,16,"RM","F",17,17
11092,11,17,1985,2,"DM","F",36,39
5525,3,29,1982,21,"RM","M",18,11
22695,9,23,1995,18,"PF","M",16,8
20146,7,4,1992,11,"DM","M",39,50
9012,4,9,1984,22,"DS","F",50,115
20615,1,25,1993,9,"DM","F",34,36
15048,11,5,1988,24,"RM","M",17,10
23633,3,24,1996,15,"RM","M",18,10
15517,2,4,1989,23,"RM","M",17,9
29669,5,16,1999,8,"DO","F",36,49
12968,7,1,1987,5,"NL","F",32,171
1834,5,30,1979,5,"DM","M",32,21
30138,12,6,1999,9,"PP","F",21,15
13437,9,27,1987,1,"DS","M",49,132
27589,3,1,1998,2,"PB","F",26,
16455,9,4,1989,11,"DO","F",35,37
33625,3,13,2002,22,"PB","F",26,25
28058,6,27,1998,24,"PE","F",20,25
22491,7,21,1995,8,"PP","M",23,9
5790,4,29,1982,1,"DO","F",37,58
34094,5,16,2002,6,"PP","F",22,20
22960,10,29,1995,4,"DM","F",36,34
31545,11,25,2000,22,"PB","M",27,30
6259,7,26,1982,14,"SS",,,
20411,9,27,1992,14,"DM","M",36,37
3710,1,11,1981,20,"DS","F",51,158
26447,7,9,1997,3,"SS",,,
20880,5,23,1993,14,"DM","M",35,22
35032,11,9,2002,12,"PB","M",27,51
4179,4,5,1981,22,"DM","M",36,42
7197,1,12,1983,24,"OT","M",21,25
26916,9,28,1997,14,"DM","M",35,48
29934,10,10,1999,15,"PP","F",22,22
24367,8,15,1996,13,"PP","M",24,18
13233,8,25,1987,22,"NL","F",29,110
13702,11,21,1987,6,"DO","F",35,49
27854,5,3,1998,10,"",,,
11153,12,8,1985,5,"DM","F",35,44
19,7,16,1977,4,"PF",,,
33890,4,17,2002,9,"DM","M",35,56
17189,2,25,1990,8,"DM","F",37,41
11622,6,5,1986,2,"DO","F",37,57
6055,6,28,1982,1,"DM","M",37,46
34359,6,16,2002,8,"PP","M",22,21
31810,3,3,2001,22,"PB","M",27,43
6524,9,18,1982,3,"PP","M",21,14
20676,2,26,1993,3,"RM","M",17,12
15109,11,6,1988,9,"OL","F",20,31
3975,3,9,1981,3,"OT","M",20,27
32279,7,22,2001,6,"PB","F",26,29
35297,12,8,2002,4,"DO","M",34,33
10011,2,17,1985,13,"DM","F",35,33
4444,5,4,1981,9,"DS","M",49,144
18596,4,20,1991,11,"DM","M",36,51
24632,10,13,1996,14,"DM","M",37,47
13498,10,24,1987,18,"PE","F",20,29
7931,5,15,1983,9,"PF","M",16,7
25101,2,9,1997,9,"DM","F",35,37
28119,6,28,1998,14,"DM","F",37,51
22552,8,26,1995,19,"PP","F",23,19
11418,4,13,1986,5,"DO","M",34,24
23021,12,2,1995,24,"PM","F",19,21
17454,4,26,1990,4,"DM","M",37,34
26039,6,10,1997,12,"DO","M",32,40
753,4,8,1978,20,"DM","F",36,
17923,10,16,1990,8,"DM","M",35,27
32075,5,26,2001,21,"PB","F",26,39
20941,6,19,1993,11,"DM","F",37,45
15374,1,10,1989,22,"OT","F",21,21
4240,4,6,1981,11,"OL","F",,35
32544,8,26,2001,8,"DO","M",35,59
15843,4,1,1989,9,"DO","F",37,56
29995,11,6,1999,23,"",,,
18861,7,13,1991,13,"OT","F",19,26
2160,11,17,1979,4,"DM","M",36,50
30464,3,4,2000,18,"PB","M",25,26
24897,12,19,1996,10,"RM","F",17,14
8196,8,15,1983,12,"PP","F",21,15
2629,3,9,1980,9,"DM","M",,49
25366,3,16,1997,8,"DO","F",34,46
8665,11,13,1983,7,"RM","M",15,9
22817,9,24,1995,10,"PL",,20,25
11683,7,3,1986,18,"",,,
6116,6,29,1982,13,"DM","F",35,39
28853,11,21,1998,21,"PB","M",26,30
23286,1,28,1996,4,"PF","F",17,9
6585,9,18,1982,4,"OT","M",21,23
1018,6,9,1978,2,"DM","M",36,43
9603,9,30,1984,9,"DM","F",36,38
32340,7,22,2001,14,"AH",,,
1487,12,2,1978,1,"DM","F",36,37
15639,2,5,1989,4,"DM","M",32,48
4505,6,4,1981,4,"DS","F",47,62
16108,6,3,1989,20,"RM","M",16,10
30260,1,10,2000,8,"PP","F",22,15
13559,10,24,1987,17,"DO","M",38,53
2425,2,24,1980,11,"RM","F",17,16
19595,1,9,1992,14,"OL","M",20,24
14028,2,21,1988,12,"DO","F",37,50
8461,10,15,1983,18,"DM","F",36,43
34216,6,15,2002,19,"PP","M",23,18
8930,3,12,1984,14,"DO","F",36,51
23082,12,3,1995,14,"DM","M",37,53
6381,8,15,1982,17,"DM","M",37,51
34685,9,8,2002,17,"DM","F",37,50
12417,3,2,1987,11,"PE","M",19,25
6850,10,24,1982,24,"OT","M",21,26
21002,7,14,1993,1,"",,,
27038,10,25,1997,1,"PE","M",17,15
21471,3,12,1994,5,"PF","M",14,7
15904,4,1,1989,9,"OL","M",22,36
27507,2,1,1998,5,"PM","M",20,25
30525,3,5,2000,11,"OT","M",21,30
24958,2,8,1997,21,"AH",,,
13824,11,22,1987,4,"DM","M",36,35
25427,4,12,1997,20,"PF","F",15,9
19860,4,4,1992,21,"RM","F",17,9
14293,3,21,1988,16,"RM","F",16,9
28445,8,23,1998,9,"DM","M",36,29
20329,9,26,1992,23,"RM","M",16,10
34481,7,13,2002,17,"AH",,,
23347,2,24,1996,21,"RM","M",18,12
17780,8,17,1990,9,"DM","F",37,43
6646,9,19,1982,23,"",,,
34950,10,6,2002,14,"DM","F",35,43
18249,1,11,1991,17,"NL","M",31,162
32401,8,25,2001,12,"DO","M",37,57
7115,11,22,1982,1,"OL","M",19,26
21267,11,14,1993,4,"DM","F",38,34
4566,6,5,1981,11,"PP","F",22,18
32870,10,13,2001,22,"PB","F",26,30
27303,12,28,1997,24,"RM","F",17,11
10602,7,24,1985,1,"DS","F",53,113
5035,11,23,1981,14,"DM","M",36,47
27772,5,2,1998,17,"DM","M",34,43
11071,11,17,1985,11,"DM","F",36,40
25223,3,15,1997,17,"DM","M",34,43
14089,2,21,1988,17,"OT","M",20,27
8522,10,16,1983,2,"DO","M",35,53
25692,5,10,1997,12,"DM","F",35,48
3424,11,8,1980,17,"DS","F",49,121
12009,11,15,1986,7,"",,,
34746,9,10,2002,6,"PB","M",26,35
3893,2,1,1981,2,"OL","F",20,34
18045,11,11,1990,15,"RM","M",17,10
6911,10,24,1982,20,"OT","M",21,23
1344,10,7,1978,11,"DM","M",38,38
18514,3,14,1991,6,"RM","M",17,10
32666,9,22,2001,21,"PB","M",28,38
15965,4,2,1989,14,"DM","M",38,48
4831,9,29,1981,21,"NL","F",32,165
33135,11,18,2001,4,"DO","M",35,45
16434,9,3,1989,12,"PE","M",21,23
10867,10,12,1985,20,"DM","M",37,42
19452,12,7,1991,21,"PP","F",16,30
11336,3,9,1986,7,"PE","F",20,24
25488,4,12,1997,20,"PM","M",19,19
8787,12,9,1983,1,"DS","F",52,101
25957,6,9,1997,24,"PE","F",20,20
9256,5,28,1984,8,"DO","F",35,56
23408,2,24,1996,22,"DM","M",38,53
12274,2,1,1987,9,"DS","F",52,148
29444,4,17,1999,12,"PB","M",26,29
23877,4,15,1996,3,"PP","M",21,18
18310,1,12,1991,11,"DM","F",37,37
1609,1,29,1979,18,"DM","M",,
29913,10,10,1999,11,"PP","M",21,21
18779,6,14,1991,8,"PP","F",20,16
32931,10,14,2001,6,"PB","F",25,29
27364,12,29,1997,8,"DO","F",38,49
2078,10,24,1979,12,"NL","F",32,92
16230,7,3,1989,7,"AH",,,
22266,4,30,1995,9,"DM","M",37,46
16699,11,5,1989,2,"SH","M",27,42
30851,6,4,2000,11,"PB","F",26,25
3016,5,25,1980,3,"DS","F",52,125
22735,9,24,1995,4,"PP","F",20,17
25753,5,10,1997,2,"PP","M",21,18
20186,7,30,1992,2,"DO","F",35,54
9052,4,10,1984,15,"PE","M",20,16
34807,10,5,2002,18,"PB","F",27,32
9521,9,29,1984,12,"NL","F",33,146
23673,4,14,1996,17,"DM","M",37,49
6972,11,21,1982,13,"DM","M",36,48
35276,12,7,2002,20,"PP","F",22,15
29709,6,12,1999,12,"DM","F",37,36
13008,7,1,1987,9,"DM","M",36,45
7441,2,27,1983,3,"AB",,,
1874,7,3,1979,9,"DM","F",36,
30178,1,8,2000,12,"PP","M",24,18
27629,3,2,1998,3,"SA",,,
2343,1,16,1980,5,"DM","M",36,48
16495,10,7,1989,2,"DO","F",36,46
10928,10,13,1985,8,"DS","F",49,125
28098,6,28,1998,13,"AH",,,
31116,7,22,2000,12,"PB","F",26,35
5830,4,29,1982,15,"PM","M",21,23
263,10,16,1977,1,"DM","M",37,40
14415,4,19,1988,1,"DM","F",37,42
20451,10,18,1992,21,"OT","M",18,22
9317,7,3,1984,13,"OL","F",21,29
3750,1,12,1981,6,"DM","F",36,41
20920,6,18,1993,22,"DS","F",51,110
35072,11,9,2002,24,"PB","F",25,24
23938,5,23,1996,18,"PF","M",15,7
18371,2,16,1991,12,"SF",,,
7237,1,12,1983,23,"",,,
35541,12,31,2002,15,"PB","F",24,31
18840,7,12,1991,7,"RM","M",16,13
13273,8,26,1987,15,"OT","F",20,26
21858,10,13,1994,13,"PP","F",22,18
13742,11,22,1987,4,"DM","M",37,49
27894,5,28,1998,2,"PP","M",21,21
16760,12,4,1989,19,"PE","F",22,27
11193,12,8,1985,11,"PE","F",19,22
59,7,18,1977,19,"DM","M",33,
28363,8,22,1998,18,"PP","M",22,14
11662,7,3,1986,20,"NL","F",30,214
25814,5,10,1997,18,"RM","M",17,8
14680,7,14,1988,17,"OT","M",19,22
31850,3,4,2001,15,"AH",,,
26283,7,9,1997,12,"PP","F",23,20
20716,3,17,1993,1,"DM","M",36,51
4015,4,5,1981,12,"DS","F",,153
21185,10,16,1993,8,"DO","M",36,52
35337,12,8,2002,9,"OT","M",20,25
4484,5,4,1981,5,"PF","F",14,9
18636,4,21,1991,9,"DX",,,
7502,3,14,1983,13,"DM","F",37,45
1935,7,25,1979,17,"DS","M",51,145
24672,11,16,1996,21,"RM","M",18,13
19105,10,10,1991,17,"DM","M",37,53
33257,12,15,2001,18,"PB","F",26,25
2404,1,16,1980,4,"PF","F",15,7
5422,2,23,1982,4,"DM","M",39,44
28159,6,28,1998,13,"PB","F",26,37
11458,5,10,1986,18,"DM","F",36,50
324,10,17,1977,7,"",,,
11927,10,5,1986,11,"DO","M",36,51
26079,6,10,1997,17,"DM","M",37,47
9378,7,31,1984,17,"DM","F",36,42
32115,5,27,2001,9,"PP","F",23,18
15414,1,11,1989,13,"OL","M",22,30
9847,1,19,1985,17,"DM","M",47,40
4280,4,6,1981,11,"DS","M",,123
32584,8,26,2001,15,"PP","F",23,17
30035,11,7,1999,8,"PP","F",21,15
4749,7,31,1981,1,"PF","F",15,6
18901,7,13,1991,3,"PP","F",19,19
2200,11,18,1979,8,"DO","F",33,54
30504,3,5,2000,3,"PB","F",27,40
33522,2,10,2002,9,"DM","M",37,46
8236,8,16,1983,3,"OT","F",20,22
2669,3,9,1980,24,"DM","M",,53
16821,12,5,1989,4,"DM","F",37,43
22857,10,28,1995,22,"PP","M",22,17
17290,3,29,1990,12,"OT","M",21,23
11723,7,4,1986,7,"RM","M",16,10
23326,1,28,1996,5,"PP","M",23,15
26344,7,9,1997,14,"DM","M",36,48
20777,3,18,1993,15,"",,,
9643,10,20,1984,20,"PU",,,
21246,11,14,1993,10,"RM",,,
15679,3,12,1989,24,"NL","F",33,187
10112,3,17,1985,13,"DM","F",36,40
24264,7,21,1996,14,"DM","F",36,55
16148,6,3,1989,22,"PE","F",20,21
30300,2,5,2000,2,"PB","F",26,42
19166,10,11,1991,16,"RM","M",18,12
13599,10,25,1987,8,"DM","M",36,37
2465,2,25,1980,4,"DM","F",32,38
30769,6,3,2000,17,"DO","M",35,24
14068,2,21,1988,1,"PM","M",21,25
28220,7,18,1998,20,"PP","F",21,19
2934,5,17,1980,9,"DS","M",52,144
17086,1,30,1990,9,"DM","M",38,45
385,11,13,1977,17,"DS","M",50,132
28689,10,24,1998,18,"OT","F",20,24
23122,12,21,1995,22,"AH",,,
6421,8,15,1982,12,"DM","M",36,37
854,5,6,1978,9,"DM","M",36,36
23591,3,23,1996,18,"PF","F",17,10
6890,10,24,1982,11,"OT","M",20,25
21042,8,19,1993,18,"RM","M",17,11
9908,1,20,1985,1,"DM","F",35,38
4341,4,6,1981,2,"DM","M",,43
21511,4,10,1994,1,"DM","M",36,44
7828,5,14,1983,20,"PE","F",21,30
30565,3,5,2000,14,"DM","F",36,41
13864,1,23,1988,24,"DM","F",33,34
2730,3,9,1980,6,"PF","M",,7
14333,3,21,1988,11,"DM","F",36,47
28485,9,19,1998,12,"NL","F",32,175
11784,8,10,1986,2,"DM","M",34,31
650,3,11,1978,2,"PF","F",15,7
34521,7,13,2002,7,"PP","F",22,17
28954,12,22,1998,17,"DM","F",35,46
12253,2,1,1987,11,"PC",,,
6686,10,23,1982,21,"OL","M",18,20
15271,12,14,1988,4,"DM","M",37,48
34990,11,9,2002,2,"SH","M",31,
32441,8,25,2001,22,"OT","F",21,21
7155,1,12,1983,11,"DS","F",50,121
21307,12,15,1993,4,"DM","M",38,50
4606,7,7,1981,19,"AB",,,
21776,9,6,1994,24,"",,,
5075,11,23,1981,13,"DS","M",47,139
19227,11,13,1991,12,"DM","M",35,45
8093,7,16,1983,14,"DO","F",34,32
25263,3,15,1997,7,"RM","M",16,9
19696,2,7,1992,8,"DM","M",36,46
14129,2,22,1988,3,"RM","M",16,11
25732,5,10,1997,21,"PP","F",22,21
14598,6,12,1988,4,"DM","M",37,49
28750,10,25,1998,4,"DM","M",35,36
23183,12,22,1995,4,"DM","F",37,52
12049,11,16,1986,11,"RM","F",17,14
18085,12,15,1990,19,"BA","F",14,8
12518,4,4,1987,16,"DO","F",35,50
26670,7,30,1997,4,"DM","M",36,51
18554,3,14,1991,14,"DO","M",35,55
32706,9,23,2001,3,"PB","F",26,27
21572,5,18,1994,21,"PF","F",17,7
16005,5,9,1989,1,"DO","F",37,39
4871,10,24,1981,18,"DM","M",37,49
33175,11,18,2001,9,"DM","F",36,48
30626,4,30,2000,22,"PB","F",24,31
5340,2,22,1982,24,"DM","F",36,32
19492,12,8,1991,13,"PP",,,
2791,3,22,1980,18,"DM","M",,47
31095,7,22,2000,1,"PP","F",21,14
25528,4,12,1997,1,"DO","F",32,45
34113,5,16,2002,11,"SS",,,
8827,2,4,1984,18,"DS","F",52,113
3260,9,7,1980,13,"DS","M",53,108
30595,4,30,2000,18,"PB","F",25,34
5309,1,25,1982,14,"OL","M",22,40
6,7,16,1977,1,"PF","M",14,
